"代码","公司","经营类型","类型依据","基本面等级","等级依据","生存风险","现金覆盖月","复核信号","等级解释"
"CRML","Critical Metals Corp.","商业化前期","原文经营类型核查","融资/经营压力","原文专项核查","重大风险","25.5","","2026年6月年报明确提示：现有流动性不足以保障近期义务，需进一步筹资。矿产项目尚需开发资金；有现金并不能覆盖全部承诺。"
"GETY","Getty Images Holdings, Inc.","类型未核实","财报规则初筛","融资/经营压力","原文专项核查","重大风险","4.5","现金覆盖<12月：待核","2026年二季报及8月31日公告仍披露持续经营疑虑：诉讼付款、债务与可用流动性共同形成压力。成熟图片业务不等于资产负债表安全。"
"HUBG","Hub Group, Inc.","财报/披露风险","原文经营类型核查","待核实","原文专项核查","重大风险","","","已查至9月公告：公司正在重述历史财报，最新完整可依赖报表尚未补齐；9月仅公布部分初步业绩并收到Nasdaq退市决定通知、拟申诉。经营业务明确，但暂不能可靠确认完整财务状况。"
"INV","Innventure, Inc.","类型未核实","财报规则初筛","融资/经营压力","原文专项核查","重大风险","4.2","现金覆盖<12月：待核","2026年二季报明确持续经营疑虑，经营现金消耗需外部资金支持；9月管理层调整与成本削减不等于已完成融资。"
"LZM","Lifezone Metals Ltd","商业化前期","原文经营类型核查","融资/经营压力","原文专项核查","重大风险","15.5","","最新可得2025年报明确提示持续经营疑虑，Kabanga矿产项目开发依赖后续融资；年报期偏旧，需留意后续项目资金公告。"
"NMRA","Neumora Therapeutics, Inc.","临床研发型","原文经营类型核查","融资/经营压力","原文专项核查","重大风险","8.1","现金覆盖<12月：待核","2026年二季报明确现有现金不足以覆盖申报日起12个月运营计划，并披露持续经营疑虑；临床研发业务可核验，但尚无产品销售收入。"
"PRME","Prime Medicine, Inc.","临床研发型","原文经营类型核查","融资/经营压力","原文专项核查","重大风险","3.4","现金覆盖<12月：待核","2026年二季报明确后续融资不确定、持续经营疑虑未消除；基因编辑研发不等于已有商业收入。"
"RZLV","REZOLVE AI PLC","亏损融资型","原文经营类型核查","融资/经营压力","原文专项核查","重大风险","","","2026年9月披露的上半年报告仍明确持续经营疑虑；半年收入1.308亿美元但净亏损1.395亿美元、经营现金净流出9196万美元，增长含并购影响。募资成功不等于经营已自给。"
"SANA","Sana Biotechnology, Inc.","临床研发型","原文经营类型核查","融资/经营压力","原文专项核查","重大风险","4.8","现金覆盖<12月：待核","2026年二季报明确现有资源可能不足以覆盖申报日起一年计划，披露持续经营疑虑；细胞疗法研发需继续筹资。"
"SMMT","Summit Therapeutics Inc.","临床研发型","原文经营类型核查","融资/经营压力","原文专项核查","重大风险","9.5","现金覆盖<12月：待核","2026年二季报明确营运资金不足以覆盖未来12个月计划，需进一步融资；临床进展与资金风险应分开判断。"
"VELO","Velo3D, Inc.","类型未核实","财报规则初筛","融资/经营压力","原文专项核查","重大风险","13.7","","2026年二季报明确：虽已增发、转债及偿债改善流动性，持续经营疑虑仍存在，运营计划需要额外融资。"
"BETR","Better Home & Finance Holding Co","金融/地产/投资","原文经营类型核查","亏损/转型观察","原文专项核查","风险观察","","","抵押贷款业务有收入但仍显著亏损；发行股票及融资支持运营。经营现金流包含贷款发放/出售周转，不据该总额推算短期现金耗尽。"
"CABA","Cabaletta Bio, Inc.","临床研发型","原文经营类型核查","亏损/转型观察","原文专项核查","风险观察","15.9","","二季报披露持续经营疑虑；9月14日8-K确认7月至认股权证到期新增约1.15亿美元总募资，不能把6月底现金当作当前余额。资金补充后列观察，仍关注研发消耗与稀释。"
"GEMI","Gemini Space Station, Inc.","亏损融资型","原文经营类型核查","融资/经营压力","原文专项核查","风险观察","10.6","现金覆盖<12月：待核","交易所及托管业务已落地，但2026上半年收入9575万美元、净亏损2.167亿美元、经营现金净流出1.059亿美元。财报明确依赖历史股权及关联方/第三方借款，关联融资中断可能损害流动性。客户托管资金不用于公司续命；归入亏损融资型，不宣称已披露持续经营疑虑。"
"LCID","Lucid Group, Inc.","亏损融资型","原文经营类型核查","融资/经营压力","原文专项核查","风险观察","1.8","现金覆盖<12月：待核","二季报现金消耗与融资需求较高；公司8月公告称融资及运营措施可支持至2027年较后时间。标记融资/经营压力，不宣称已存在持续经营疑虑或即将资金耗尽。"
"ORBS","Eightco Holdings Inc.","数字资产型","原文经营类型核查","亏损/转型观察","原文专项核查","风险观察","","","二季报除现金外还列短期投资、稳定币及数字资产；管理层认为不存在未来12个月持续经营疑虑。通用只看现金的覆盖算法会失真，需观察资产价值及流动性。"
"SOC","Sable Offshore Corp.","类型未核实","财报规则初筛","亏损/转型观察","原文专项核查","风险观察","1.8","现金覆盖<12月：待核","二季报明确2026再融资延长债务期限，持续经营疑虑已缓解。账面现金低与历史消耗仍需关注，但不能忽略已完成融资和生产进展。"
"SPRY","ARS Pharmaceuticals, Inc.","医药商业化","原文经营类型核查","融资/经营压力","原文专项核查","风险观察","0.5","现金覆盖<12月：待核","neffy已有真实销售，但上半年经营现金消耗显著。8月公告提出削减开支、争取2027年底现金流盈亏平衡；这是未来计划，仍列经营资金压力，不标持续经营疑虑。"
"ABAT","AMERICAN BATTERY TECHNOLOGY Co","类型未核实","财报规则初筛","亏损/转型观察","财报初筛","事件初筛未触发","24.6","","经营资料可核验，但盈利或经营现金流仍需观察；现有证据不足以直接判为依赖融资生存。"
"ACDC","ProFrac Holding Corp.","类型未核实","财报规则初筛","亏损/转型观察","财报初筛","事件初筛未触发","","","经营资料可核验，但盈利或经营现金流仍需观察；现有证据不足以直接判为依赖融资生存。"
"ADTN","ADTRAN Holdings, Inc.","类型未核实","财报规则初筛","亏损/转型观察","财报初筛","事件初筛未触发","","","经营资料可核验，但盈利或经营现金流仍需观察；现有证据不足以直接判为依赖融资生存。"
"AESI","Atlas Energy Solutions Inc.","类型未核实","财报规则初筛","亏损/转型观察","原文专项核查","事件初筛未触发","","","油田服务收入已落地，报告期净亏损但经营现金流为正；债务及增长投资仍需观察。"
"AGIO","AGIOS PHARMACEUTICALS, INC.","医药商业化","原文经营类型核查","亏损/转型观察","财报初筛","事件初筛未触发","3.4","现金覆盖<12月：待核","经营资料可核验，但盈利或经营现金流仍需观察；现有证据不足以直接判为依赖融资生存。"
"AI","C3.ai, Inc.","类型未核实","财报规则初筛","亏损/转型观察","财报初筛","事件初筛未触发","","","经营资料可核验，但盈利或经营现金流仍需观察；现有证据不足以直接判为依赖融资生存。"
"ALHC","Alignment Healthcare, Inc.","金融/地产/投资","原文经营类型核查","当期经营初筛有支撑","原文专项核查","事件初筛未触发","","","医保承保业务可核验，本期盈利及经营现金流为正；需跟踪赔付率、医保支付和受监管子公司资本，保险储备不能当自由现金。"
"ALKT","ALKAMI TECHNOLOGY, INC.","类型未核实","财报规则初筛","亏损/转型观察","财报初筛","事件初筛未触发","","","经营资料可核验，但盈利或经营现金流仍需观察；现有证据不足以直接判为依赖融资生存。"
"ALMS","ALUMIS INC.","临床研发型","原文经营类型核查","亏损/转型观察","财报初筛","事件初筛未触发","2.2","现金覆盖<12月：待核","经营资料可核验，但盈利或经营现金流仍需观察；现有证据不足以直接判为依赖融资生存。"
"ALMU","Aeluma, Inc.","类型未核实","财报规则初筛","亏损/转型观察","财报初筛","事件初筛未触发","205.6","","经营资料可核验，但盈利或经营现金流仍需观察；现有证据不足以直接判为依赖融资生存。"
"ALVO","Alvotech","医药商业化","原文经营类型核查","亏损/转型观察","原文专项核查","事件初筛未触发","","","已有多款生物类似药销售，不是纯临床彩票；半年制造供应问题影响收入，公告披露股权融资与新贷款支持，观察供货恢复与商业兑现。"
"AMC","AMC ENTERTAINMENT HOLDINGS, INC.","类型未核实","财报规则初筛","亏损/转型观察","财报初筛","事件初筛未触发","","","经营资料可核验，但盈利或经营现金流仍需观察；现有证据不足以直接判为依赖融资生存。"
"APTV","Aptiv PLC","类型未核实","财报规则初筛","亏损/转型观察","财报初筛","事件初筛未触发","88.7","","经营资料可核验，但盈利或经营现金流仍需观察；现有证据不足以直接判为依赖融资生存。"
"ARDT","Ardent Health, Inc.","类型未核实","财报规则初筛","当期经营初筛有支撑","财报初筛","事件初筛未触发","","","同报告期有经营收入、净利润与经营现金流均为正；不代表估值合理或不存在债务、行业风险。"
"ARHS","Arhaus, Inc.","类型未核实","财报规则初筛","当期经营初筛有支撑","财报初筛","事件初筛未触发","","","同报告期有经营收入、净利润与经营现金流均为正；不代表估值合理或不存在债务、行业风险。"
"ARKO","ARKO Corp.","类型未核实","财报规则初筛","亏损/转型观察","财报初筛","事件初筛未触发","","","经营资料可核验，但盈利或经营现金流仍需观察；现有证据不足以直接判为依赖融资生存。"
"ARQQ","Arqit Quantum Inc.","亏损融资型","原文经营类型核查","亏损/转型观察","原文专项核查","事件初筛未触发","6.7","现金覆盖<12月：待核","量子安全软件已有少量收入，截至2026年3月31日的财年上半年收入62.3万美元、净亏损3303.2万美元，经营现金净流出2566.8万美元；股权资金支撑商业化推进。8月公告仍需结合后续融资看资金，不沿用2025旧半年数据。"
"ARRY","Array Technologies, Inc.","类型未核实","财报规则初筛","当期经营初筛有支撑","财报初筛","事件初筛未触发","","","同报告期有经营收入、净利润与经营现金流均为正；不代表估值合理或不存在债务、行业风险。"
"ASPI","ASP Isotopes Inc.","类型未核实","财报规则初筛","亏损/转型观察","财报初筛","事件初筛未触发","31.8","","经营资料可核验，但盈利或经营现金流仍需观察；现有证据不足以直接判为依赖融资生存。"
"AURA","Aura Biosciences, Inc.","临床研发型","原文经营类型核查","亏损/转型观察","原文专项核查","事件初筛未触发","6.5","现金覆盖<12月：待核","财报业务及融资章节已核实：核心药物仍处研发/临床阶段，尚未形成自主药品销售现金流，主要依靠股权、合作或债务资金推进研发。临床结果、审批及资金消耗分别跟踪；收入缺失字段仍保留空值，不补零。"
"AVNT","AVIENT CORP","类型未核实","财报规则初筛","当期经营初筛有支撑","原文专项核查","事件初筛未触发","","","特种材料收入、净利润及经营现金流均为正；已从资产负债表补得现金，原待核实为字段缺口。"
"BBNX","Beta Bionics, Inc.","亏损融资型","原文经营类型核查","亏损/转型观察","财报初筛","事件初筛未触发","6.9","现金覆盖<12月：待核","经营资料可核验，但盈利或经营现金流仍需观察；现有证据不足以直接判为依赖融资生存。"
"BEAM","Beam Therapeutics Inc.","临床研发型","原文经营类型核查","亏损/转型观察","财报初筛","事件初筛未触发","6.7","现金覆盖<12月：待核","经营资料可核验，但盈利或经营现金流仍需观察；现有证据不足以直接判为依赖融资生存。"
"BETA","BETA Technologies, Inc.","类型未核实","财报规则初筛","亏损/转型观察","财报初筛","事件初筛未触发","51.7","","经营资料可核验，但盈利或经营现金流仍需观察；现有证据不足以直接判为依赖融资生存。"
"BKKT","Bakkt, Inc.","亏损融资型","原文经营类型核查","亏损/转型观察","原文专项核查","事件初筛未触发","11.0","现金覆盖<12月：待核","二季报记载年初ATM及直接发行募资后，管理层认为不存在未来12个月持续经营疑虑；仍需扩大营收并控制现金支出。不要把会计准则的说明段当作实际风险结论。"
"BKSY","BlackSky Technology Inc.","类型未核实","财报规则初筛","亏损/转型观察","财报初筛","事件初筛未触发","37.3","","经营资料可核验，但盈利或经营现金流仍需观察；现有证据不足以直接判为依赖融资生存。"
"BRCB","Black Rock Coffee Bar, Inc.","类型未核实","财报规则初筛","亏损/转型观察","财报初筛","事件初筛未触发","","","同期盈利与经营现金流为正，但流动负债超过流动资产；需结合行业周转及偿债结构观察。"
"BRZE","Braze, Inc.","类型未核实","财报规则初筛","亏损/转型观察","财报初筛","事件初筛未触发","","","经营资料可核验，但盈利或经营现金流仍需观察；现有证据不足以直接判为依赖融资生存。"
"BTBT","Bit Digital, Inc","数字资产型","原文经营类型核查","亏损/转型观察","原文专项核查","事件初筛未触发","","","数字资产及数据中心业务已有收入，本期净亏损但经营现金流为正；持币估值、抵押借款和子公司资金不可视为无条件现金。"
"CATX","Perspective Therapeutics, Inc.","临床研发型","原文经营类型核查","亏损/转型观察","原文专项核查","事件初筛未触发","5.5","现金覆盖<12月：待核","财报业务及融资章节已核实：核心药物仍处研发/临床阶段，尚未形成自主药品销售现金流，主要依靠股权、合作或债务资金推进研发。临床结果、审批及资金消耗分别跟踪；收入缺失字段仍保留空值，不补零。"
"CE","Celanese Corp","类型未核实","财报规则初筛","亏损/转型观察","原文专项核查","事件初筛未触发","","","化工业务现金流为正，但债务及化工周期修复仍是核心观察点；不能只凭本期盈利认定已经反转。"
"CERT","Certara, Inc.","类型未核实","财报规则初筛","亏损/转型观察","财报初筛","事件初筛未触发","","","经营资料可核验，但盈利或经营现金流仍需观察；现有证据不足以直接判为依赖融资生存。"
"CHYM","Chime Financial, Inc.","金融/地产/投资","原文经营类型核查","当期经营初筛有支撑","原文专项核查","事件初筛未触发","","","已从支付等服务取得实际收入，本期盈利且经营现金流为正；受限资金和产品抵押资金须与自由现金区分。"
"CLB","Core Laboratories Inc. /DE/","类型未核实","财报规则初筛","当期经营初筛有支撑","财报初筛","事件初筛未触发","","","同报告期有经营收入、净利润与经营现金流均为正；不代表估值合理或不存在债务、行业风险。"
"CLFD","Clearfield, Inc.","类型未核实","财报规则初筛","亏损/转型观察","原文专项核查","事件初筛未触发","","","光纤设备已有销售，最新财年前三季净利润约185.8万美元；处置业务改变可比性，关注通信需求及业务修复。"
"CLSK","CLEANSPARK, INC.","数字资产型","原文经营类型核查","亏损/转型观察","原文专项核查","事件初筛未触发","","","比特币挖矿已有业务，AI/HPC在财报期尚无收入；利润受币价及估值影响，并依靠持币变现、转债及授信支持运营/扩张。"
"CMG","CHIPOTLE MEXICAN GRILL INC","类型未核实","财报规则初筛","亏损/转型观察","财报初筛","事件初筛未触发","","","同期盈利与经营现金流为正，但流动负债超过流动资产；需结合行业周转及偿债结构观察。"
"COLL","COLLEGIUM PHARMACEUTICAL, INC","医药商业化","原文经营类型核查","亏损/转型观察","财报初筛","事件初筛未触发","","","经营资料可核验，但盈利或经营现金流仍需观察；现有证据不足以直接判为依赖融资生存。"
"COUR","Coursera, Inc.","类型未核实","财报规则初筛","亏损/转型观察","财报初筛","事件初筛未触发","996.9","","经营资料可核验，但盈利或经营现金流仍需观察；现有证据不足以直接判为依赖融资生存。"
"CPRI","Capri Holdings Ltd","类型未核实","财报规则初筛","当期经营初筛有支撑","财报初筛","事件初筛未触发","","","同报告期有经营收入、净利润与经营现金流均为正；不代表估值合理或不存在债务、行业风险。"
"CRCT","Cricut, Inc.","类型未核实","财报规则初筛","当期经营初筛有支撑","财报初筛","事件初筛未触发","","","同报告期有经营收入、净利润与经营现金流均为正；不代表估值合理或不存在债务、行业风险。"
"CRNC","Cerence Inc.","类型未核实","财报规则初筛","亏损/转型观察","原文专项核查","事件初筛未触发","","","汽车软件业务已有收入，经营现金流为正但本期仍小幅净亏损；关注许可收入持续性。"
"CXM","Sprinklr, Inc.","类型未核实","财报规则初筛","当期经营初筛有支撑","财报初筛","事件初筛未触发","","","同报告期有经营收入、净利润与经营现金流均为正；不代表估值合理或不存在债务、行业风险。"
"CYH","COMMUNITY HEALTH SYSTEMS INC","类型未核实","财报规则初筛","亏损/转型观察","财报初筛","事件初筛未触发","4.2","现金覆盖<12月：待核","经营资料可核验，但盈利或经营现金流仍需观察；现有证据不足以直接判为依赖融资生存。"
"DFH","Dream Finders Homes, Inc.","类型未核实","财报规则初筛","亏损/转型观察","财报初筛","事件初筛未触发","8.0","现金覆盖<12月：待核","经营资料可核验，但盈利或经营现金流仍需观察；现有证据不足以直接判为依赖融资生存。"
"DNA","Ginkgo Bioworks Holdings, Inc.","类型未核实","财报规则初筛","亏损/转型观察","财报初筛","事件初筛未触发","5.5","现金覆盖<12月：待核","经营资料可核验，但盈利或经营现金流仍需观察；现有证据不足以直接判为依赖融资生存。"
"DNLI","Denali Therapeutics Inc.","医药商业化","原文经营类型核查","亏损/转型观察","财报初筛","事件初筛未触发","5.3","现金覆盖<12月：待核","经营资料可核验，但盈利或经营现金流仍需观察；现有证据不足以直接判为依赖融资生存。"
"DOCU","DOCUSIGN, INC.","类型未核实","财报规则初筛","亏损/转型观察","财报初筛","事件初筛未触发","","","同期盈利与经营现金流为正，但流动负债超过流动资产；需结合行业周转及偿债结构观察。"
"DXYZ","Destiny Tech100 Inc.","金融/地产/投资","原文经营类型核查","亏损/转型观察","原文专项核查","事件初筛未触发","","","封闭式投资基金，已核查2026半年N-CSRS；核心是非上市资产估值、流动性及股价相对净值溢价，不属于一般经营亏损公司。"
"EDIT","Editas Medicine, Inc.","临床研发型","原文经营类型核查","亏损/转型观察","财报初筛","事件初筛未触发","20.5","","经营资料可核验，但盈利或经营现金流仍需观察；现有证据不足以直接判为依赖融资生存。"
"EFX","EQUIFAX INC","类型未核实","财报规则初筛","亏损/转型观察","财报初筛","事件初筛未触发","","","同期盈利与经营现金流为正，但流动负债超过流动资产；需结合行业周转及偿债结构观察。"
"EGHT","8X8 INC /DE/","类型未核实","财报规则初筛","亏损/转型观察","财报初筛","事件初筛未触发","","","经营资料可核验，但盈利或经营现金流仍需观察；现有证据不足以直接判为依赖融资生存。"
"EIKN","Eikon Therapeutics, Inc.","临床研发型","原文经营类型核查","亏损/转型观察","原文专项核查","事件初筛未触发","5.5","现金覆盖<12月：待核","财报业务及融资章节已核实：核心药物仍处研发/临床阶段，尚未形成自主药品销售现金流，主要依靠股权、合作或债务资金推进研发。临床结果、审批及资金消耗分别跟踪；收入缺失字段仍保留空值，不补零。"
"ENOV","Enovis CORP","类型未核实","财报规则初筛","亏损/转型观察","财报初筛","事件初筛未触发","","","经营资料可核验，但盈利或经营现金流仍需观察；现有证据不足以直接判为依赖融资生存。"
"ENVX","Enovix Corp","类型未核实","财报规则初筛","亏损/转型观察","财报初筛","事件初筛未触发","3.8","现金覆盖<12月：待核","经营资料可核验，但盈利或经营现金流仍需观察；现有证据不足以直接判为依赖融资生存。"
"EOSE","Eos Energy Enterprises, Inc.","类型未核实","财报规则初筛","亏损/转型观察","财报初筛","事件初筛未触发","9.5","现金覆盖<12月：待核","经营资料可核验，但盈利或经营现金流仍需观察；现有证据不足以直接判为依赖融资生存。"
"EQPT","EquipmentShare.com Inc","类型未核实","财报规则初筛","亏损/转型观察","财报初筛","事件初筛未触发","18.6","","经营资料可核验，但盈利或经营现金流仍需观察；现有证据不足以直接判为依赖融资生存。"
"ETOR","eToro Group Ltd.","金融/地产/投资","原文经营类型核查","当期经营初筛有支撑","原文专项核查","事件初筛未触发","","","已核查二季度公告：交易投资平台持续产生收入和利润；客户托管资产与公司资金区分，不使用通用现金消耗月数。"
"EVER","EverQuote, Inc.","类型未核实","财报规则初筛","当期经营初筛有支撑","财报初筛","事件初筛未触发","","","同报告期有经营收入、净利润与经营现金流均为正；不代表估值合理或不存在债务、行业风险。"
"EVEX","Eve Holding, Inc.","商业化前期","原文经营类型核查","亏损/转型观察","原文专项核查","事件初筛未触发","2.7","现金覆盖<12月：待核","电动垂直起降飞机仍待认证及量产，公司明确尚无收入；融资、金融投资和贷款支持研发，不把订单意向当作已交付收入。"
"EVMN","Evommune, Inc.","临床研发型","原文经营类型核查","亏损/转型观察","财报初筛","事件初筛未触发","7.5","现金覆盖<12月：待核","经营资料可核验，但盈利或经营现金流仍需观察；现有证据不足以直接判为依赖融资生存。"
"EYE","National Vision Holdings, Inc.","类型未核实","财报规则初筛","亏损/转型观察","财报初筛","事件初筛未触发","","","同期盈利与经营现金流为正，但流动负债超过流动资产；需结合行业周转及偿债结构观察。"
"EYPT","EyePoint, Inc.","临床研发型","原文经营类型核查","亏损/转型观察","原文专项核查","事件初筛未触发","4.6","现金覆盖<12月：待核","二季报披露现金及可售证券合计约1.805亿美元，并认为可支持申报日起至少12个月计划；历史经营现金消耗较高，不能把简单年化覆盖当作公司资金期限。"
"FAC","Factorial Energy Inc.","商业化前期","原文经营类型核查","亏损/转型观察","原文专项核查","事件初筛未触发","58.9","","固态电池研发仍需商业化验证；二季报明确de-SPAC/PIPE资金到位后，管理层认定此前持续经营疑虑已缓解。"
"FATE","FATE THERAPEUTICS INC","临床研发型","原文经营类型核查","亏损/转型观察","财报初筛","事件初筛未触发","3.6","现金覆盖<12月：待核","经营资料可核验，但盈利或经营现金流仍需观察；现有证据不足以直接判为依赖融资生存。"
"FIP","FTAI Infrastructure Inc.","类型未核实","财报规则初筛","亏损/转型观察","财报初筛","事件初筛未触发","6.4","现金覆盖<12月：待核","经营资料可核验，但盈利或经营现金流仍需观察；现有证据不足以直接判为依赖融资生存。"
"FLUT","Flutter Entertainment plc","类型未核实","财报规则初筛","亏损/转型观察","财报初筛","事件初筛未触发","","","经营资料可核验，但盈利或经营现金流仍需观察；现有证据不足以直接判为依赖融资生存。"
"FLY","Firefly Aerospace Inc.","类型未核实","财报规则初筛","亏损/转型观察","财报初筛","事件初筛未触发","19.0","","经营资料可核验，但盈利或经营现金流仍需观察；现有证据不足以直接判为依赖融资生存。"
"FOXF","FOX FACTORY HOLDING CORP","类型未核实","财报规则初筛","亏损/转型观察","原文专项核查","事件初筛未触发","","","悬挂系统已有实际销售；2026半年净亏损约1094万美元但经营现金流为正，关注需求、库存和经营修复。"
"FPS","Forgent Power Solutions, Inc.","类型未核实","财报规则初筛","当期经营初筛有支撑","财报初筛","事件初筛未触发","","","同报告期有经营收入、净利润与经营现金流均为正；不代表估值合理或不存在债务、行业风险。"
"FRMI","Fermi Inc.","商业化前期","原文经营类型核查","亏损/转型观察","原文专项核查","事件初筛未触发","6.6","现金覆盖<12月：待核","尚未产生经营收入且项目投资需求大；二季报认为7月融资、已有承诺授信及支出安排缓解持续经营疑虑。仍依赖项目执行与外部资本，不标为当前已确认持续经营危机。"
"FUBO","FuboTV Inc.","类型未核实","财报规则初筛","亏损/转型观察","财报初筛","事件初筛未触发","5.0","现金覆盖<12月：待核","经营资料可核验，但盈利或经营现金流仍需观察；现有证据不足以直接判为依赖融资生存。"
"FWDI","Forward Industries, Inc.","数字资产型","原文经营类型核查","亏损/转型观察","原文专项核查","事件初筛未触发","","","2026年6月期报告虽有负营运资金，但公司以数字资产持仓及变现渠道解释不存在持续经营疑虑；数字资产价格/抵押风险须专项观察。"
"FWRG","First Watch Restaurant Group, Inc.","类型未核实","财报规则初筛","亏损/转型观察","财报初筛","事件初筛未触发","","","经营资料可核验，但盈利或经营现金流仍需观察；现有证据不足以直接判为依赖融资生存。"
"GEHC","GE HealthCare Technologies Inc.","类型未核实","财报规则初筛","当期经营初筛有支撑","财报初筛","事件初筛未触发","","","同报告期有经营收入、净利润与经营现金流均为正；不代表估值合理或不存在债务、行业风险。"
"GENI","Genius Sports Ltd","类型未核实","财报规则初筛","亏损/转型观察","原文专项核查","事件初筛未触发","","","体育数据及媒体业务有实际收入；2026半年收入3.835亿美元、净亏损1.322亿美元，收购交易及利息影响显著，观察整合及盈利修复。"
"GERN","GERON CORP","医药商业化","原文经营类型核查","亏损/转型观察","财报初筛","事件初筛未触发","4.7","现金覆盖<12月：待核","经营资料可核验，但盈利或经营现金流仍需观察；现有证据不足以直接判为依赖融资生存。"
"GLOB","Globant S.A.","类型未核实","财报规则初筛","亏损/转型观察","原文专项核查","事件初筛未触发","","","IT服务业务已成熟，最新季报收入约6.144亿美元；需观察增长停滞及利润修复，不能用旧年报盈利直接判定现状。"
"GLXY","Galaxy Digital Inc.","数字资产型","原文经营类型核查","亏损/转型观察","原文专项核查","事件初筛未触发","","","数字资产交易、投资和数据中心均有业务；本期净亏损、经营现金流为正，利润受资产估值影响，债务及股权资金也支持扩张。"
"GOGO","Gogo Inc.","类型未核实","财报规则初筛","当期经营初筛有支撑","财报初筛","事件初筛未触发","","","同报告期有经营收入、净利润与经营现金流均为正；不代表估值合理或不存在债务、行业风险。"
"GSHD","Goosehead Insurance, Inc.","金融/地产/投资","原文经营类型核查","当期经营初筛有支撑","原文专项核查","事件初筛未触发","","","保险经纪佣金业务已有收入和正经营现金流，本期盈利；属于经纪业务而非承保资金池。"
"GTM","ZoomInfo Technologies Inc.","类型未核实","财报规则初筛","亏损/转型观察","财报初筛","事件初筛未触发","","","经营资料可核验，但盈利或经营现金流仍需观察；现有证据不足以直接判为依赖融资生存。"
"HAYW","Hayward Holdings, Inc.","类型未核实","财报规则初筛","亏损/转型观察","财报初筛","事件初筛未触发","2.6","现金覆盖<12月：待核","经营资料可核验，但盈利或经营现金流仍需观察；现有证据不足以直接判为依赖融资生存。"
"HGV","Hilton Grand Vacations Inc.","类型未核实","财报规则初筛","当期经营初筛有支撑","财报初筛","事件初筛未触发","","","同报告期有经营收入、净利润与经营现金流均为正；不代表估值合理或不存在债务、行业风险。"
"HLLY","Holley Inc.","类型未核实","财报规则初筛","当期经营初筛有支撑","财报初筛","事件初筛未触发","","","同报告期有经营收入、净利润与经营现金流均为正；不代表估值合理或不存在债务、行业风险。"
"HRL","HORMEL FOODS CORP /DE/","类型未核实","财报规则初筛","当期经营初筛有支撑","财报初筛","事件初筛未触发","","","同报告期有经营收入、净利润与经营现金流均为正；不代表估值合理或不存在债务、行业风险。"
"HTFL","Heartflow, Inc.","类型未核实","财报规则初筛","亏损/转型观察","财报初筛","事件初筛未触发","5.3","现金覆盖<12月：待核","经营资料可核验，但盈利或经营现金流仍需观察；现有证据不足以直接判为依赖融资生存。"
"HUBS","HUBSPOT INC","类型未核实","财报规则初筛","当期经营初筛有支撑","财报初筛","事件初筛未触发","","","同报告期有经营收入、净利润与经营现金流均为正；不代表估值合理或不存在债务、行业风险。"
"IE","Ivanhoe Electric Inc.","商业化前期","原文经营类型核查","亏损/转型观察","财报初筛","事件初筛未触发","24.5","","经营资料可核验，但盈利或经营现金流仍需观察；现有证据不足以直接判为依赖融资生存。"
"IKT","Inhibikase Therapeutics, Inc.","临床研发型","原文经营类型核查","亏损/转型观察","原文专项核查","事件初筛未触发","7.6","现金覆盖<12月：待核","财报业务及融资章节已核实：核心药物仍处研发/临床阶段，尚未形成自主药品销售现金流，主要依靠股权、合作或债务资金推进研发。临床结果、审批及资金消耗分别跟踪；收入缺失字段仍保留空值，不补零。"
"IMSR","Terrestrial Energy Inc. /DE/","商业化前期","原文经营类型核查","亏损/转型观察","原文专项核查","事件初筛未触发","52.6","","熔盐核反应堆仍在设计、许可及开发阶段，核心电站业务尚未商业化。本期亏损且经营现金净流出，历史主要依靠融资；现金及短期投资提供缓冲，不能等同于即将资金耗尽。"
"INDI","indie Semiconductor, Inc.","亏损融资型","原文经营类型核查","亏损/转型观察","财报初筛","事件初筛未触发","16.2","","经营资料可核验，但盈利或经营现金流仍需观察；现有证据不足以直接判为依赖融资生存。"
"INFQ","Infleqtion, Inc.","类型未核实","财报规则初筛","亏损/转型观察","财报初筛","事件初筛未触发","59.0","","经营资料可核验，但盈利或经营现金流仍需观察；现有证据不足以直接判为依赖融资生存。"
"INSP","Inspire Medical Systems, Inc.","类型未核实","财报规则初筛","亏损/转型观察","财报初筛","事件初筛未触发","","","经营资料可核验，但盈利或经营现金流仍需观察；现有证据不足以直接判为依赖融资生存。"
"JACK","JACK IN THE BOX INC","类型未核实","财报规则初筛","亏损/转型观察","原文专项核查","事件初筛未触发","","","餐饮业务已经落地，最新财年前三季净利润恢复为正，但加盟商付款延迟及债务仍影响流动性；旧年度亏损不代表当前期间。"
"KLAR","Klarna Group plc","金融/地产/投资","原文经营类型核查","亏损/转型观察","原文专项核查","事件初筛未触发","","","银行及先买后付业务已落地，最新二季度净利润约900万美元；存款及贷款周转影响现金流，不能沿用旧年度亏损判为依赖融资续命。"
"KLC","KinderCare Learning Companies, Inc.","类型未核实","财报规则初筛","亏损/转型观察","财报初筛","事件初筛未触发","","","经营资料可核验，但盈利或经营现金流仍需观察；现有证据不足以直接判为依赖融资生存。"
"KOS","Kosmos Energy Ltd.","类型未核实","财报规则初筛","亏损/转型观察","财报初筛","事件初筛未触发","","","经营资料可核验，但盈利或经营现金流仍需观察；现有证据不足以直接判为依赖融资生存。"
"KVYO","Klaviyo, Inc.","类型未核实","财报规则初筛","当期经营初筛有支撑","财报初筛","事件初筛未触发","","","同报告期有经营收入、净利润与经营现金流均为正；不代表估值合理或不存在债务、行业风险。"
"KYTX","Kyverna Therapeutics, Inc.","临床研发型","原文经营类型核查","亏损/转型观察","原文专项核查","事件初筛未触发","2.3","现金覆盖<12月：待核","财报业务及融资章节已核实：核心药物仍处研发/临床阶段，尚未形成自主药品销售现金流，主要依靠股权、合作或债务资金推进研发。临床结果、审批及资金消耗分别跟踪；收入缺失字段仍保留空值，不补零。"
"LAES","SEALSQ Corp","亏损融资型","原文经营类型核查","亏损/转型观察","原文专项核查","事件初筛未触发","120.2","","安全芯片已有销售，2026半年收入约1115万美元、净亏损约2780万美元；股权融资提供较多储备，仍需产品规模化。现金披露含受限部分时不当作全部可用现金。"
"LIF","Life360, Inc.","类型未核实","财报规则初筛","当期经营初筛有支撑","财报初筛","事件初筛未触发","","","同报告期有经营收入、净利润与经营现金流均为正；不代表估值合理或不存在债务、行业风险。"
"LYFT","Lyft, Inc.","类型未核实","财报规则初筛","亏损/转型观察","财报初筛","事件初筛未触发","","","同期盈利与经营现金流为正，但流动负债超过流动资产；需结合行业周转及偿债结构观察。"
"LYTS","LSI INDUSTRIES INC","类型未核实","财报规则初筛","当期经营初筛有支撑","财报初筛","事件初筛未触发","","","同报告期有经营收入、净利润与经营现金流均为正；不代表估值合理或不存在债务、行业风险。"
"LZ","LEGALZOOM.COM, INC.","类型未核实","财报规则初筛","亏损/转型观察","财报初筛","事件初筛未触发","","","同期盈利与经营现金流为正，但流动负债超过流动资产；需结合行业周转及偿债结构观察。"
"MAGN","Magnera Corp","类型未核实","财报规则初筛","亏损/转型观察","财报初筛","事件初筛未触发","","","经营资料可核验，但盈利或经营现金流仍需观察；现有证据不足以直接判为依赖融资生存。"
"MAX","MediaAlpha, Inc.","类型未核实","财报规则初筛","当期经营初筛有支撑","财报初筛","事件初筛未触发","","","同报告期有经营收入、净利润与经营现金流均为正；不代表估值合理或不存在债务、行业风险。"
"MCD","MCDONALDS CORP","类型未核实","财报规则初筛","当期经营初筛有支撑","财报初筛","事件初筛未触发","","","同报告期有经营收入、净利润与经营现金流均为正；不代表估值合理或不存在债务、行业风险。"
"MNRO","MONRO, INC.","类型未核实","财报规则初筛","亏损/转型观察","财报初筛","事件初筛未触发","","","同期盈利与经营现金流为正，但流动负债超过流动资产；需结合行业周转及偿债结构观察。"
"MNTN","MNTN, Inc.","类型未核实","财报规则初筛","当期经营初筛有支撑","财报初筛","事件初筛未触发","","","同报告期有经营收入、净利润与经营现金流均为正；不代表估值合理或不存在债务、行业风险。"
"MPT","MEDICAL PROPERTIES TRUST INC","金融/地产/投资","原文经营类型核查","亏损/转型观察","原文专项核查","事件初筛未触发","","","医院地产已有租金收入，但租户及债务重组仍是核心风险；2026半年经营现金流约4800万美元，不能用旧一季净流出机械推断生存压力。"
"MRLN","Merlin, Inc.","商业化前期","原文经营类型核查","亏损/转型观察","财报初筛","事件初筛未触发","21.4","","经营资料可核验，但盈利或经营现金流仍需观察；现有证据不足以直接判为依赖融资生存。"
"MTCH","Match Group, Inc.","类型未核实","财报规则初筛","当期经营初筛有支撑","财报初筛","事件初筛未触发","","","同报告期有经营收入、净利润与经营现金流均为正；不代表估值合理或不存在债务、行业风险。"
"MTH","Meritage Homes CORP","类型未核实","财报规则初筛","当期经营初筛有支撑","原文专项核查","事件初筛未触发","","","住宅交付业务可核验，本期盈利及经营现金流为正；收入在住宅及土地子项披露，字段缺失不等于没有收入。"
"MWH","SOLV Energy, Inc.","类型未核实","财报规则初筛","当期经营初筛有支撑","财报初筛","事件初筛未触发","","","同报告期有经营收入、净利润与经营现金流均为正；不代表估值合理或不存在债务、行业风险。"
"MYGN","MYRIAD GENETICS INC","类型未核实","财报规则初筛","亏损/转型观察","财报初筛","事件初筛未触发","28.5","","经营资料可核验，但盈利或经营现金流仍需观察；现有证据不足以直接判为依赖融资生存。"
"NABL","N-able, Inc.","类型未核实","财报规则初筛","当期经营初筛有支撑","财报初筛","事件初筛未触发","","","同报告期有经营收入、净利润与经营现金流均为正；不代表估值合理或不存在债务、行业风险。"
"NB","NIOCORP DEVELOPMENTS LTD","商业化前期","原文经营类型核查","亏损/转型观察","原文专项核查","事件初筛未触发","313.0","","Elk Creek矿产项目尚未投产、没有经营收入；募资增加现金，但建设还需资金、许可和执行。"
"NCLH","Norwegian Cruise Line Holdings Ltd.","类型未核实","财报规则初筛","亏损/转型观察","财报初筛","事件初筛未触发","","","同期盈利与经营现金流为正，但流动负债超过流动资产；需结合行业周转及偿债结构观察。"
"NEO","NEOGENOMICS INC","类型未核实","财报规则初筛","亏损/转型观察","财报初筛","事件初筛未触发","","","经营资料可核验，但盈利或经营现金流仍需观察；现有证据不足以直接判为依赖融资生存。"
"NKE","NIKE, Inc.","类型未核实","财报规则初筛","当期经营初筛有支撑","财报初筛","事件初筛未触发","","","同报告期有经营收入、净利润与经营现金流均为正；不代表估值合理或不存在债务、行业风险。"
"NKLR","Terra Innovatum Global N.V.","商业化前期","原文经营类型核查","亏损/转型观察","原文专项核查","事件初筛未触发","61.7","","SOLO微型反应堆仍在研发，公司明确尚未产生外部客户收入；依靠上市及PIPE资金，商业化还需许可与交付。"
"NNE","Nano Nuclear Energy Inc.","商业化前期","原文经营类型核查","亏损/转型观察","原文专项核查","事件初筛未触发","143.4","","核能研发尚需许可与商业化；2026年6月期报告认为现有营运资金可满足至少12个月义务。长期仍可能融资，不能据研发亏损直接认定短期生存危机。"
"NPWR","Net Power Inc.","商业化前期","原文经营类型核查","亏损/转型观察","原文专项核查","事件初筛未触发","11.5","现金覆盖<12月：待核","财报明确为无收入开发期公司；原技术资产减值及项目转向后，Project Permian尚无最终投资决定或约束性售电合同，建设资金未完全落实。"
"NRDS","NERDWALLET, INC.","类型未核实","财报规则初筛","当期经营初筛有支撑","财报初筛","事件初筛未触发","","","同报告期有经营收入、净利润与经营现金流均为正；不代表估值合理或不存在债务、行业风险。"
"NRGV","Energy Vault Holdings, Inc.","亏损融资型","原文经营类型核查","亏损/转型观察","财报初筛","事件初筛未触发","6.6","现金覆盖<12月：待核","经营资料可核验，但盈利或经营现金流仍需观察；现有证据不足以直接判为依赖融资生存。"
"NTGR","NETGEAR, INC.","类型未核实","财报规则初筛","亏损/转型观察","财报初筛","事件初筛未触发","120.3","","经营资料可核验，但盈利或经营现金流仍需观察；现有证据不足以直接判为依赖融资生存。"
"NTLA","Intellia Therapeutics, Inc.","临床研发型","原文经营类型核查","亏损/转型观察","财报初筛","事件初筛未触发","3.1","现金覆盖<12月：待核","经营资料可核验，但盈利或经营现金流仍需观察；现有证据不足以直接判为依赖融资生存。"
"NTSK","Netskope Inc","类型未核实","财报规则初筛","亏损/转型观察","财报初筛","事件初筛未触发","18.6","","经营资料可核验，但盈利或经营现金流仍需观察；现有证据不足以直接判为依赖融资生存。"
"NUAI","New ERA Energy & Digital, Inc.","类型未核实","财报规则初筛","亏损/转型观察","原文专项核查","事件初筛未触发","38.2","","二季报明确4月股债融资及偿债后，之前持续经营疑虑已消除；新业务仍需验证，不沿用旧风险结论。"
"ODD","Oddity Tech Ltd","类型未核实","财报规则初筛","亏损/转型观察","原文专项核查","事件初筛未触发","","","已有美妆销售且二季度盈利，但收入同比下降约25%，公司在修复广告账户及获客问题；属于经营修复而非无业务。"
"OEC","Orion S.A.","类型未核实","财报规则初筛","亏损/转型观察","财报初筛","事件初筛未触发","","","经营资料可核验，但盈利或经营现金流仍需观察；现有证据不足以直接判为依赖融资生存。"
"OKLO","Oklo Inc.","商业化前期","原文经营类型核查","亏损/转型观察","财报初筛","事件初筛未触发","149.4","","经营资料可核验，但盈利或经营现金流仍需观察；现有证据不足以直接判为依赖融资生存。"
"OLN","OLIN Corp","类型未核实","财报规则初筛","亏损/转型观察","原文专项核查","事件初筛未触发","25.9","","成熟化工业务，本期亏损且经营现金净流出；财报解释需求及营运资金影响，观察行业复苏和债务。"
"OMDA","Omada Health, Inc.","类型未核实","财报规则初筛","亏损/转型观察","财报初筛","事件初筛未触发","168.4","","经营资料可核验，但盈利或经营现金流仍需观察；现有证据不足以直接判为依赖融资生存。"
"ONT","Onterris, Inc.","类型未核实","财报规则初筛","亏损/转型观察","财报初筛","事件初筛未触发","13.8","","经营资料可核验，但盈利或经营现金流仍需观察；现有证据不足以直接判为依赖融资生存。"
"ORGO","Organogenesis Holdings Inc.","医药商业化","原文经营类型核查","亏损/转型观察","财报初筛","事件初筛未触发","26.0","","经营资料可核验，但盈利或经营现金流仍需观察；现有证据不足以直接判为依赖融资生存。"
"OXM","OXFORD INDUSTRIES INC","类型未核实","财报规则初筛","当期经营初筛有支撑","财报初筛","事件初筛未触发","","","同报告期有经营收入、净利润与经营现金流均为正；不代表估值合理或不存在债务、行业风险。"
"PACB","PACIFIC BIOSCIENCES OF CALIFORNIA, INC.","类型未核实","财报规则初筛","亏损/转型观察","财报初筛","事件初筛未触发","4.5","现金覆盖<12月：待核","经营资料可核验，但盈利或经营现金流仍需观察；现有证据不足以直接判为依赖融资生存。"
"PACK","Ranpak Holdings Corp.","类型未核实","财报规则初筛","亏损/转型观察","财报初筛","事件初筛未触发","","","经营资料可核验，但盈利或经营现金流仍需观察；现有证据不足以直接判为依赖融资生存。"
"PCT","PureCycle Technologies, Inc.","类型未核实","财报规则初筛","亏损/转型观察","财报初筛","事件初筛未触发","10.6","现金覆盖<12月：待核","经营资料可核验，但盈利或经营现金流仍需观察；现有证据不足以直接判为依赖融资生存。"
"PGY","Pagaya Technologies Ltd.","金融/地产/投资","原文经营类型核查","当期经营初筛有支撑","原文专项核查","事件初筛未触发","","","信贷撮合平台有收入、利润和正经营现金流；贷款投资及证券化需融资是业务模式的一部分，不直接等同亏损续命。"
"PLAY","Dave & Buster's Entertainment, Inc.","类型未核实","财报规则初筛","亏损/转型观察","财报初筛","事件初筛未触发","","","经营资料可核验，但盈利或经营现金流仍需观察；现有证据不足以直接判为依赖融资生存。"
"PLNT","Planet Fitness, Inc.","类型未核实","财报规则初筛","当期经营初筛有支撑","财报初筛","事件初筛未触发","","","同报告期有经营收入、净利润与经营现金流均为正；不代表估值合理或不存在债务、行业风险。"
"PPLI","People Inc","类型未核实","财报规则初筛","亏损/转型观察","原文专项核查","事件初筛未触发","","","重组后出版媒体业务有真实收入，2026半年持续经营现金流转正；剥离业务及持股估值影响可比性，不沿用2024年度数据。"
"PSFE","Paysafe Ltd","类型未核实","财报规则初筛","亏损/转型观察","财报初筛","事件初筛未触发","","","经营资料可核验，但盈利或经营现金流仍需观察；现有证据不足以直接判为依赖融资生存。"
"PYPL","PayPal Holdings, Inc.","类型未核实","财报规则初筛","当期经营初筛有支撑","财报初筛","事件初筛未触发","","","同报告期有经营收入、净利润与经营现金流均为正；不代表估值合理或不存在债务、行业风险。"
"QDEL","QuidelOrtho Corp","类型未核实","财报规则初筛","亏损/转型观察","财报初筛","事件初筛未触发","5.1","现金覆盖<12月：待核","经营资料可核验，但盈利或经营现金流仍需观察；现有证据不足以直接判为依赖融资生存。"
"QMCO","QUANTUM CORP /DE/","类型未核实","财报规则初筛","亏损/转型观察","财报初筛","事件初筛未触发","","","经营资料可核验，但盈利或经营现金流仍需观察；现有证据不足以直接判为依赖融资生存。"
"QS","QuantumScape Corp","商业化前期","原文经营类型核查","亏损/转型观察","原文专项核查","事件初筛未触发","6.8","现金覆盖<12月：待核","固态电池仍在研发与产业化验证阶段，财报明确尚无收入；现金及有价证券较多，但许可、量产和客户采用仍待验证。"
"RBRK","Rubrik, Inc.","类型未核实","财报规则初筛","亏损/转型观察","财报初筛","事件初筛未触发","","","经营资料可核验，但盈利或经营现金流仍需观察；现有证据不足以直接判为依赖融资生存。"
"RCKT","ROCKET PHARMACEUTICALS, INC.","医药商业化","原文经营类型核查","亏损/转型观察","财报初筛","事件初筛未触发","15.7","","经营资料可核验，但盈利或经营现金流仍需观察；现有证据不足以直接判为依赖融资生存。"
"REI","RING ENERGY, INC.","类型未核实","财报规则初筛","亏损/转型观察","财报初筛","事件初筛未触发","","","经营资料可核验，但盈利或经营现金流仍需观察；现有证据不足以直接判为依赖融资生存。"
"RGEN","REPLIGEN CORP","类型未核实","财报规则初筛","当期经营初筛有支撑","财报初筛","事件初筛未触发","","","同报告期有经营收入、净利润与经营现金流均为正；不代表估值合理或不存在债务、行业风险。"
"RGNX","REGENXBIO Inc.","临床研发型","原文经营类型核查","亏损/转型观察","原文专项核查","事件初筛未触发","1.6","现金覆盖<12月：待核","8月公告披露7月新增超过2亿美元资本，将公司预计资金期限延至2027年第四季度；不能用6月底现金余额直接判为一年内融资危机。研发与稀释风险继续观察。"
"RGTI","Rigetti Computing, Inc.","类型未核实","财报规则初筛","亏损/转型观察","财报初筛","事件初筛未触发","5.2","现金覆盖<12月：待核","经营资料可核验，但盈利或经营现金流仍需观察；现有证据不足以直接判为依赖融资生存。"
"RKT","Rocket Companies, Inc.","金融/地产/投资","原文经营类型核查","当期经营初筛有支撑","原文专项核查","事件初筛未触发","","","抵押贷款发放及服务有真实业务，本期净利润和经营现金流为正；仓储融资支持贷款周转，不按一般制造业烧钱估算。"
"RR","RICHTECH ROBOTICS INC.","亏损融资型","原文经营类型核查","亏损/转型观察","原文专项核查","事件初筛未触发","759.1","","机器人已有小规模销售但仍亏损；财报说明增发显著补充现金及短期投资。属于亏损融资型，但现有资金较多，不等于短期断粮。"
"RUM","RUM Group Inc.","亏损融资型","原文经营类型核查","亏损/转型观察","财报初筛","事件初筛未触发","18.3","","经营资料可核验，但盈利或经营现金流仍需观察；现有证据不足以直接判为依赖融资生存。"
"RUN","Sunrun Inc.","类型未核实","财报规则初筛","亏损/转型观察","原文专项核查","事件初筛未触发","24.1","","住宅太阳能已有客户与收入；项目基金和无追索权融资是商业模式的重要部分，不能将投资建造融资直接等同于持续经营危机。"
"RXRX","RECURSION PHARMACEUTICALS, INC.","临床研发型","原文经营类型核查","亏损/转型观察","财报初筛","事件初筛未触发","17.3","","经营资料可核验，但盈利或经营现金流仍需观察；现有证据不足以直接判为依赖融资生存。"
"SAIL","SailPoint, Inc.","类型未核实","财报规则初筛","亏损/转型观察","财报初筛","事件初筛未触发","","","经营资料可核验，但盈利或经营现金流仍需观察；现有证据不足以直接判为依赖融资生存。"
"SECZ","Securitize Corp.","亏损融资型","原文经营类型核查","亏损/转型观察","原文专项核查","事件初筛未触发","","","已查到经营主体二季度公告，资产代币化业务有约1440万美元季度收入但净亏损约2170万美元；合并上市后约3.5亿美元现金是期后数字，不与6月底现金混用。"
"SENS","Senseonics Holdings, Inc.","类型未核实","财报规则初筛","亏损/转型观察","财报初筛","事件初筛未触发","4.3","现金覆盖<12月：待核","经营资料可核验，但盈利或经营现金流仍需观察；现有证据不足以直接判为依赖融资生存。"
"SERV","Serve Robotics Inc. /DE/","亏损融资型","原文经营类型核查","亏损/转型观察","财报初筛","事件初筛未触发","5.6","现金覆盖<12月：待核","经营资料可核验，但盈利或经营现金流仍需观察；现有证据不足以直接判为依赖融资生存。"
"SGMT","Sagimet Biosciences Inc.","临床研发型","原文经营类型核查","亏损/转型观察","原文专项核查","事件初筛未触发","50.1","","财报业务及融资章节已核实：核心药物仍处研发/临床阶段，尚未形成自主药品销售现金流，主要依靠股权、合作或债务资金推进研发。临床结果、审批及资金消耗分别跟踪；收入缺失字段仍保留空值，不补零。"
"SHEN","SHENANDOAH TELECOMMUNICATIONS CO/VA/","类型未核实","财报规则初筛","亏损/转型观察","财报初筛","事件初筛未触发","","","经营资料可核验，但盈利或经营现金流仍需观察；现有证据不足以直接判为依赖融资生存。"
"SIBN","SI-BONE, Inc.","类型未核实","财报规则初筛","亏损/转型观察","财报初筛","事件初筛未触发","124.3","","经营资料可核验，但盈利或经营现金流仍需观察；现有证据不足以直接判为依赖融资生存。"
"SITE","SiteOne Landscape Supply, Inc.","类型未核实","财报规则初筛","亏损/转型观察","财报初筛","事件初筛未触发","2.1","现金覆盖<12月：待核","经营资料可核验，但盈利或经营现金流仍需观察；现有证据不足以直接判为依赖融资生存。"
"SLDE","Slide Insurance Holdings, Inc.","金融/地产/投资","原文经营类型核查","当期经营初筛有支撑","原文专项核查","事件初筛未触发","","","财险承保业务本期盈利，经营现金流为正；巨灾赔付、再保险与法定资本是主要风险，不将全部现金当可分配现金。"
"SLDP","Solid Power, Inc.","商业化前期","原文经营类型核查","亏损/转型观察","财报初筛","事件初筛未触发","5.3","现金覆盖<12月：待核","经营资料可核验，但盈利或经营现金流仍需观察；现有证据不足以直接判为依赖融资生存。"
"SMR","NUSCALE POWER Corp","商业化前期","原文经营类型核查","亏损/转型观察","财报初筛","事件初筛未触发","12.2","","经营资料可核验，但盈利或经营现金流仍需观察；现有证据不足以直接判为依赖融资生存。"
"SNAP","Snap Inc","类型未核实","财报规则初筛","亏损/转型观察","财报初筛","事件初筛未触发","","","经营资料可核验，但盈利或经营现金流仍需观察；现有证据不足以直接判为依赖融资生存。"
"SONO","Sonos Inc","类型未核实","财报规则初筛","当期经营初筛有支撑","财报初筛","事件初筛未触发","","","同报告期有经营收入、净利润与经营现金流均为正；不代表估值合理或不存在债务、行业风险。"
"SOUN","SOUNDHOUND AI, INC.","亏损融资型","原文经营类型核查","亏损/转型观察","财报初筛","事件初筛未触发","20.1","","经营资料可核验，但盈利或经营现金流仍需观察；现有证据不足以直接判为依赖融资生存。"
"SRAD","Sportradar Group AG","类型未核实","财报规则初筛","亏损/转型观察","原文专项核查","事件初筛未触发","","","体育数据业务已有收入和正经营现金流；最新季度仍亏损，现金及回购可核验，观察利润转化和体育版权成本。"
"SRPT","Sarepta Therapeutics, Inc.","医药商业化","原文经营类型核查","亏损/转型观察","财报初筛","事件初筛未触发","605.1","","经营资料可核验，但盈利或经营现金流仍需观察；现有证据不足以直接判为依赖融资生存。"
"STAA","STAAR SURGICAL CO","类型未核实","财报规则初筛","亏损/转型观察","财报初筛","事件初筛未触发","443.1","","经营资料可核验，但盈利或经营现金流仍需观察；现有证据不足以直接判为依赖融资生存。"
"STUB","StubHub Holdings, Inc.","类型未核实","财报规则初筛","当期经营初筛有支撑","财报初筛","事件初筛未触发","","","同报告期有经营收入、净利润与经营现金流均为正；不代表估值合理或不存在债务、行业风险。"
"SVV","Savers Value Village, Inc.","类型未核实","财报规则初筛","亏损/转型观察","财报初筛","事件初筛未触发","","","同期盈利与经营现金流为正，但流动负债超过流动资产；需结合行业周转及偿债结构观察。"
"SWIM","Latham Group, Inc.","类型未核实","财报规则初筛","当期经营初筛有支撑","原文专项核查","事件初筛未触发","","","泳池制造已有收入，本期盈利和经营现金流为正；财报说明符合债务契约，仍需跟踪2027年到期授信续期。"
"TASK","TaskUs, Inc.","类型未核实","财报规则初筛","当期经营初筛有支撑","财报初筛","事件初筛未触发","","","同报告期有经营收入、净利润与经营现金流均为正；不代表估值合理或不存在债务、行业风险。"
"TDOC","Teladoc Health, Inc.","类型未核实","财报规则初筛","亏损/转型观察","财报初筛","事件初筛未触发","","","经营资料可核验，但盈利或经营现金流仍需观察；现有证据不足以直接判为依赖融资生存。"
"TE","T1 Energy Inc.","类型未核实","财报规则初筛","亏损/转型观察","财报初筛","事件初筛未触发","4.6","现金覆盖<12月：待核","经营资料可核验，但盈利或经营现金流仍需观察；现有证据不足以直接判为依赖融资生存。"
"TRIP","TripAdvisor, Inc.","类型未核实","财报规则初筛","亏损/转型观察","财报初筛","事件初筛未触发","","","经营资料可核验，但盈利或经营现金流仍需观察；现有证据不足以直接判为依赖融资生存。"
"TRON","Tron Inc.","数字资产型","原文经营类型核查","亏损/转型观察","原文专项核查","事件初筛未触发","","","公司已转向TRX数字资产储备及质押；账面盈利不能当作稳定经营现金创造，主要跟踪币价、持币及稀释。"
"UAA","Under Armour, Inc.","类型未核实","财报规则初筛","当期经营初筛有支撑","财报初筛","事件初筛未触发","","","同报告期有经营收入、净利润与经营现金流均为正；不代表估值合理或不存在债务、行业风险。"
"UHS","UNIVERSAL HEALTH SERVICES INC","类型未核实","财报规则初筛","当期经营初筛有支撑","财报初筛","事件初筛未触发","","","同报告期有经营收入、净利润与经营现金流均为正；不代表估值合理或不存在债务、行业风险。"
"ULCC","Frontier Group Holdings, Inc.","类型未核实","财报规则初筛","亏损/转型观察","财报初筛","事件初筛未触发","","","经营资料可核验，但盈利或经营现金流仍需观察；现有证据不足以直接判为依赖融资生存。"
"UMAC","Unusual Machines, Inc.","类型未核实","财报规则初筛","亏损/转型观察","原文专项核查","事件初筛未触发","35.1","","无人机部件有实际销售，本期账面盈利但经营现金流为负；公司称现有现金支持超过12个月计划，关注备货与产能扩张。"
"UPB","Upstream Bio, Inc.","临床研发型","原文经营类型核查","亏损/转型观察","财报初筛","事件初筛未触发","5.7","现金覆盖<12月：待核","经营资料可核验，但盈利或经营现金流仍需观察；现有证据不足以直接判为依赖融资生存。"
"USAR","USA Rare Earth, Inc.","类型未核实","财报规则初筛","亏损/转型观察","财报初筛","事件初筛未触发","120.8","","经营资料可核验，但盈利或经营现金流仍需观察；现有证据不足以直接判为依赖融资生存。"
"VERX","Vertex, Inc.","类型未核实","财报规则初筛","亏损/转型观察","财报初筛","事件初筛未触发","","","同期盈利与经营现金流为正，但流动负债超过流动资产；需结合行业周转及偿债结构观察。"
"VIA","Via Transportation, Inc.","类型未核实","财报规则初筛","亏损/转型观察","财报初筛","事件初筛未触发","62.7","","经营资料可核验，但盈利或经营现金流仍需观察；现有证据不足以直接判为依赖融资生存。"
"VITL","Vital Farms, Inc.","类型未核实","财报规则初筛","亏损/转型观察","财报初筛","事件初筛未触发","2.8","现金覆盖<12月：待核","经营资料可核验，但盈利或经营现金流仍需观察；现有证据不足以直接判为依赖融资生存。"
"VOR","Vor Biopharma Inc.","临床研发型","原文经营类型核查","亏损/转型观察","原文专项核查","事件初筛未触发","10.1","现金覆盖<12月：待核","财报业务及融资章节已核实：核心药物仍处研发/临床阶段，尚未形成自主药品销售现金流，主要依靠股权、合作或债务资金推进研发。临床结果、审批及资金消耗分别跟踪；收入缺失字段仍保留空值，不补零。"
"VOYG","Voyager Technologies, Inc./TX","类型未核实","财报规则初筛","亏损/转型观察","财报初筛","事件初筛未触发","26.4","","经营资料可核验，但盈利或经营现金流仍需观察；现有证据不足以直接判为依赖融资生存。"
"VRRM","VERRA MOBILITY Corp","类型未核实","财报规则初筛","亏损/转型观察","财报初筛","事件初筛未触发","","","经营资料可核验，但盈利或经营现金流仍需观察；现有证据不足以直接判为依赖融资生存。"
"WAY","Waystar Holding Corp.","类型未核实","财报规则初筛","当期经营初筛有支撑","财报初筛","事件初筛未触发","","","同报告期有经营收入、净利润与经营现金流均为正；不代表估值合理或不存在债务、行业风险。"
"WBTN","WEBTOON Entertainment Inc.","类型未核实","财报规则初筛","亏损/转型观察","财报初筛","事件初筛未触发","191.6","","经营资料可核验，但盈利或经营现金流仍需观察；现有证据不足以直接判为依赖融资生存。"
"WD","Walker & Dunlop, Inc.","金融/地产/投资","原文经营类型核查","当期经营初筛有支撑","原文专项核查","事件初筛未触发","","","商业地产贷款和服务业务本期盈利；仓储额度、担保和风险分担需要专项观察，不能用贷款周转现金流推算存活月份。"
"WDAY","Workday, Inc.","类型未核实","财报规则初筛","亏损/转型观察","财报初筛","事件初筛未触发","","","同期盈利与经营现金流为正，但流动负债超过流动资产；需结合行业周转及偿债结构观察。"
"WEAV","Weave Communications, Inc.","类型未核实","财报规则初筛","亏损/转型观察","财报初筛","事件初筛未触发","","","经营资料可核验，但盈利或经营现金流仍需观察；现有证据不足以直接判为依赖融资生存。"
"WHR","WHIRLPOOL CORP /DE/","类型未核实","财报规则初筛","亏损/转型观察","财报初筛","事件初筛未触发","7.8","现金覆盖<12月：待核","经营资料可核验，但盈利或经营现金流仍需观察；现有证据不足以直接判为依赖融资生存。"
"WLFC","WILLIS LEASE FINANCE CORP","类型未核实","财报规则初筛","当期经营初筛有支撑","财报初筛","事件初筛未触发","","","同报告期有经营收入、净利润与经营现金流均为正；不代表估值合理或不存在债务、行业风险。"
"WLTH","WEALTHFRONT CORP","金融/地产/投资","原文经营类型核查","当期经营初筛有支撑","原文专项核查","事件初筛未触发","","","理财平台本期盈利及经营现金流为正；客户资产、清算负债和监管隔离现金不属于公司可自由消耗资金。"
"WMG","Warner Music Group Corp.","类型未核实","财报规则初筛","亏损/转型观察","财报初筛","事件初筛未触发","","","同期盈利与经营现金流为正，但流动负债超过流动资产；需结合行业周转及偿债结构观察。"
"WOLF","WOLFSPEED, INC.","类型未核实","财报规则初筛","亏损/转型观察","财报初筛","事件初筛未触发","28.5","","经营资料可核验，但盈利或经营现金流仍需观察；现有证据不足以直接判为依赖融资生存。"
"WRBY","Warby Parker Inc.","类型未核实","财报规则初筛","当期经营初筛有支撑","财报初筛","事件初筛未触发","","","同报告期有经营收入、净利润与经营现金流均为正；不代表估值合理或不存在债务、行业风险。"
"WWW","WOLVERINE WORLD WIDE INC /DE/","类型未核实","财报规则初筛","当期经营初筛有支撑","原文专项核查","事件初筛未触发","","","鞋履业务本期净利润和经营现金流均为正，债务仍需跟踪；原缺口只是现金提取失败。"
"WYFI","WhiteFiber, Inc.","类型未核实","财报规则初筛","亏损/转型观察","原文专项核查","事件初筛未触发","","","数据中心已有业务及经营现金流，但本期亏损且负营运资金，需跟踪到期债务再融资与扩建执行；不是没有业务的概念公司。"
"XE","X-Energy, Inc.","类型未核实","财报规则初筛","亏损/转型观察","财报初筛","事件初筛未触发","41.4","","经营资料可核验，但盈利或经营现金流仍需观察；现有证据不足以直接判为依赖融资生存。"
"XXI","Twenty One Capital, Inc.","数字资产型","原文经营类型核查","亏损/转型观察","原文专项核查","事件初筛未触发","","","比特币储备平台，本期亏损受数字资产会计影响；披露现金约1.061亿美元且管理层认为支持至少一年，不能按净亏损机械判定断粮。"
"YELP","YELP INC","类型未核实","财报规则初筛","当期经营初筛有支撑","财报初筛","事件初筛未触发","","","同报告期有经营收入、净利润与经营现金流均为正；不代表估值合理或不存在债务、行业风险。"
"YSS","York Space Systems Inc.","类型未核实","财报规则初筛","亏损/转型观察","财报初筛","事件初筛未触发","17.0","","经营资料可核验，但盈利或经营现金流仍需观察；现有证据不足以直接判为依赖融资生存。"
"ZG","ZILLOW GROUP, INC.","类型未核实","财报规则初筛","当期经营初筛有支撑","财报初筛","事件初筛未触发","","","同报告期有经营收入、净利润与经营现金流均为正；不代表估值合理或不存在债务、行业风险。"
